Job Title,Job Description,Time Posted,Full / Part,Pay,Distance,Company,Location
HTML / CSS Production Specialist,"This position is open as of 4/25/2017. Front End Developer - 2016 Best Places to Work Based in Baltimore, MD, we are independent financial media company who provides economic commentary through online and print publications. Due to growth and demand for o...",3 hours ago,Full-Time,$65k - $75k/year,Nearby,CyberCoders,"Baltimore, MD"
Senior Software Engineer,"This position is open as of 4/25/2017. Senior Software Engineer-Photography startup If you are a Senior Software Engineer with experience, please read on! Top Reasons to Work with Us We are a very young company with fewer than 10 employees looking for peo...",2 days ago,Full-Time,$80k - $110k/year,Nearby,CyberCoders,"Baltimore, MD"
Sr. Java Web Services Developer,"This position is open as of 4/25/2017. Senior Java Developer If you are a Senior Java Developer with experience creating back-end enterprise web applications, please read on! Located in Evansville IN, with offices around the country, we are a globally rec...",3 days ago,Full-Time,$85k - $110k/year,Nearby,CyberCoders,"Baltimore, MD"
Senior Quality Engineer,"RESPONSIBILITIES: Kforce has a client seeking a Senior Quality Engineer in Baltimore, Maryland (MD). Responsibilities Include: Quality Planning: Participating with technical team in the APQP process in accordance with customer requirements Developing proc...",4 days ago,Full-Time,,Nearby,Kforce Technology,"Baltimore, MD"
Technical PM / Oracle Data Warehouse Architect,"Our firm has achieved significant growth and is regularly recognized as a Best Place to Work both nationally and locally in our communities. We are a collaborative, entrepreneurial firm that takes pride in our people, culture, clients and work-life balanc...",7 days ago,Contractor,$75.00 - $100.00/hour,Nearby,North Highland,"Baltimore, MD"
Informatics Training & EHR Support Specialist,What You Will Do: General Summary Under direct supervision supports the Portfolio Electronic Health Record training activities in the Department of Clinical Informatics for the University of Maryland Medical System. Provide direct technical support for cl...,2 weeks ago,Full-Time,,Nearby,University of Maryland Medical System,"Baltimore, MD"
Health Care Information Analyst II,"What You Will Do: General Summary Under limited supervision, compiles and analyzes information to support effective and efficient utilization of resources and to assess in clinical quality improvement and nursing research. Acts as a technical lead in mana...",3 weeks ago,Full-Time,,Nearby,University of Maryland Medical System,"Baltimore, MD"
Systems Analyst,"Ref ID: 03332-0009218845 Classification: Systems Analyst Compensation: DOE Ideal candidates should have at least 3+ years of experience building Epic Prelude and Grand Central applications, including experience building departments and handling registrati...",3 weeks ago,Full-Time,,Nearby,Robert Half Technology,"Baltimore, MD"
ISP Equipment Engineer,"The Equipment Engineer is responsible for planning and engineering the installation of network and telecommunications equipment at Lightower facilities, Carrier Hotels, and ILEC Central Offices. Responsible for ensuring that the assigned duties meet or ex...",3 weeks ago,Full-Time,,Nearby,Lightower Fiber Networks,"Baltimore, MD"
"Computer Science and Cybersecurity, 10 month Faculty, LEON/PRIN","College of Southern Maryland invites applications for a 10-month, non-tenured track Computer Science and Cybersecurity faculty member at the Leonardtown and Prince Frederick campuses. The faculty member will be responsible for the coordination, planning,...",2 weeks ago,Full-Time,,Nearby,College of Southern Maryland,"Baltimore, MD"
"Energy Systems Technology, 10 month Faculty, PRIN/LEON","College of Southern Maryland invites applications for a 10-month, non-tenured track Energy Systems Technology faculty member at the Prince Frederick and Leonardtown campuses. The faculty member will be responsible for the coordination, planning, preparati...",2 weeks ago,Full-Time,,Nearby,College of Southern Maryland,"Baltimore, MD"
Data Applications Engineer - Big Data / ML -Relocate to Bangkok,"Data Applications Engineer - Big Data / Machine Learning - Relocate to Bangkok, Thailand (visa and relocation provided) About you 3+ years of industry experience, preferred at a tech company Experience with: Scala, Python or any other OO or functional lan...",now,Full-Time,$65k - $135k/year,1 miles,Big Wednesday Digital,"Baltimore, MD"
Network Security Engineer (Citrix Netscaler),"TOP 3 SKILLS: . Cisco ASA Firewall Engineer experience: 5-7 years of heavy firewall validation, configuration for the enterprise and build out of rule sets. Person will be responsible for standardization, naming conventions building out rules sets and enf...",4 days ago,Full-Time,,1 miles,"TEKsystems, Inc","Baltimore, MD"
Senior Citrix Netscaler Engineer,"*This is not available on a C2C basis* 1. Cisco ASA Firewall Engineer experience: 5-7 years of heavy firewall validation, configuration for the enterprise and build out of rule sets. Person will be responsible for standardization, naming conventions build...",now,Full-Time,,1 miles,"TEKsystems, Inc","Baltimore, MD"
Software Development Manager,"Apex System’s, the nation’s 2 nd largest IT staffing firm, has an immediate opening for a Manager of Software Engineering for one of our large healthcare clients in the Baltimore, MD area. This person will serve as a lead technical authority for the devel...",2 hours ago,Full-Time,,1 miles,Apex Systems,"Baltimore, MD"
Java Developer,"Apex Systems an immediate Java Development opening for one of our large commercial clients in the Baltimore, MD area. This person will help build low-latency, high-throughput web services to our client continue to grow their portfolio globally. Our client...",2 hours ago,Full-Time,,1 miles,Apex Systems,"Baltimore, MD"
System Administrator-ServiceNow,"TEKsystems is looking for a ServiceNow Administrator to join our support service practice. This is a remote opportunity with 25% travel. * Technical Must Haves: o 4+ years' experience as a ITSM Tool Admin in one of the following tools (Remedy, HP Service...",12 hours ago,Full-Time,,1 miles,"TEKsystems, Inc","Baltimore, MD"
Technical Analyst,1) Demonstrated experience having an incredible eye for detail to keep processes repeatable and well-documented 2) Prior customer service experience because this analyst will be working with internal and external financial stakeholders 3) Having the abili...,today,Full-Time,,1 miles,"TEKsystems, Inc","Baltimore, MD"
Helpdesk Support Analyst,This is a Tier 1 IT Helpdesk Technician role. This role is open due replacing an existing contractor who is leaving at the end of his contract. This person will initially be trained on either internal or external support within the client depending on the...,4 weeks ago,Full-Time,$17.00 - $18.00/hour,1 miles,"TEKsystems, Inc","Baltimore, MD"
Hadoop Database Developer,"The Hadoop developer will be responsible for designing, coding, and implementing software solutions using modern techniques and programming languages.Works harmoniously in a cross-functional team comprising managers, supervisors, business analysts, system...",today,Full-Time,,1 miles,"TEKsystems, Inc","Baltimore, MD"
Information Systems Security Manager,"Brian Richardson | Professional Recruiter | Apex Systems 8820 Columbia 100 Pkwy, Suite 402 Office: 443-539-3320 | Fax: 443-539-3321 Develop and apply advanced hardware design methods, theories, and research techniques to the investigation and solution of...",1 day ago,Full-Time,,1 miles,Apex Systems,"Baltimore, MD"
Business Intelligence Analyst,Who We Are: Mission focused and results oriented! Social Solutions’ main purpose and software solution (SaaS) helps some of the most vulnerable human beings in our society. Our software for Nonprofits allows them to spend less time on compliance and funde...,1 day ago,Full-Time,,1 miles,Social Solutions,"Baltimore, MD"
Business Objects Analyst,Who We Are: Mission focused and results oriented! Social Solutions’ main purpose and software solution (SaaS) helps some of the most vulnerable human beings in our society. Our software for Nonprofits allows them to spend less time on compliance and funde...,1 day ago,Full-Time,,1 miles,Social Solutions,"Baltimore, MD"
Php Developer,ZAI has an exciting opportunity for a PHP Web Developer with familiarity with Content Management Systems (CMS) to provide support for a large and complex Federal Government operation in the Washington DC metropolitan area. The successful candidate will al...,1 day ago,Full-Time,,1 miles,Zimmerman Associates Inc,"Baltimore, MD"
AEM/UI/UX Developer,Sr. AEM / Java Developer TEKsystems has an opening for a AEM developer to join a team that will working on enhancements to web-based client and internal business applications. This role will work with technical / business leadership to move the platforms...,1 day ago,Full-Time,,1 miles,"TEKsystems, Inc","Baltimore, MD"
Ford Certified Automotive Technician / Auto Tech / Ford,Ford Certified Technician / Gas Engine Technician / Ford Certification Ford auto sales are increasing – and now is the perfect time to continue your automotive technician career with Keith Hawthorne Ford of Belmont . This opportunity is located in Belmont...,2 days ago,Full-Time,,1 miles,Keith Hawthorne Ford of Belmont,"Belmont, NC"
Linux Administrator,"Apex Systems, the nation’s second largest IT staffing and technology services firm, has an immediately available opportunity for a Linux Administrator supporting one of our large clients in the Baltimore, MD area. This person will be the go to for mass de...",3 days ago,Full-Time,,1 miles,Apex Systems,"Baltimore, MD"
Sr. AWS/DevOps Engineer/120-130K/Baltimore,Sr. AWS/DevOps Engineer/120k-130k/Baltimore A premier AWS Partner is looking for an AWS/DevOps Engineer to join their team! Responsibilities include; •Migration of Data to the cloud •Automation of applications •Scripting code Required Experience; •4 years...,4 days ago,Full-Time,$120k - $130k/year,1 miles,Frank Recruitment Group,"Baltimore, MD"
Infrastructure Project Manager,"Our customer is looking for a Sr. Infrastructure Project Manager to join their team. They are looking for a strong PM with experience in End User Computing (Windows XP to 7 migration, SCCM, etc.). This person should have experience managing budgets, proje...",6 days ago,Full-Time,,1 miles,"TEKsystems, Inc","Baltimore, MD"
NOC Support,"A need for 2 ITOC Level 1 Network Operations Center Technician for their overnight shifts: Monday-Friday 11p-7a or weekend 11p-7a. This person will serve as the first level of troubleshooting and escalation for the Enterprise,Network-Device and Systems Se...",4 days ago,Full-Time,$28.00 - $35.00/hour,1 miles,"TEKsystems, Inc","Baltimore, MD"
Junior Project Manager,"1) Proven experience being able to learn intricate systems quickly and ensure timely project delivery 2) Knowledge of what the SDLC is and how it impacts a solution driven within an organization 3) Experience with JIRA ticketing system would be preferred,...",5 days ago,Full-Time,,1 miles,"TEKsystems, Inc","Baltimore, MD"
Security Advisor,"Security Advisor Temp to perm Baltimore MD Position Description: The primary focus of this project is: This senior level position will provide direct support to senior technical advisors responsible for establishing and maintaining the enterprise vision,...",4 days ago,Contract to Hire,,1 miles,The Computer Merchant Ltd,"Baltimore, MD"
PeopleSoft Functional Analyst - HCM,"Top Skills: Senior Level PeopleSoft Functional Analyst (10+ years) HCM - Payroll Financials (G/L, chart of accounts, integration) Looking to add a PeopleSoft Functional Analyst to support ERP integration of India and APAC with PeopleSoft in North America....",5 days ago,Full-Time,,1 miles,"TEKsystems, Inc","Baltimore, MD"
Desktop Support,TEKsystems is seeking to hire a Sr. Desktop Support Analyst due to increased workload. The primary focus of these roles will be to provide technical support and issue resolution to the client's users. These users consist of executives and financial trader...,5 days ago,Full-Time,,1 miles,"TEKsystems, Inc","Baltimore, MD"
Jr. Project Manager/Coordinator,"Our customer is looking for a project manager to bring organization and discipline to a portfolio of projects within the SDLC. They don't require prior experience in project management or a certification. What they care about is finding a high energy, col...",5 days ago,Full-Time,$50k - $60k/year,1 miles,"TEKsystems, Inc","Baltimore, MD"
NOC Support,"1. 2-4 yrs: Working knowledge of IT network and systems management tools (experience with HP OpenView, Troubleshooting Cisco Devices/Ports, Lan Circuts, VPN and VLans 2. Windows 2003-2008 Server Support Experience (DHCP, DNS configuration/Perform routine...",5 days ago,Full-Time,,1 miles,"TEKsystems, Inc","Baltimore, MD"
Information Technology,Description Gem Technologies is currently seeking IT Professionals with expert experience in Asset Suite/ Passport. Qualifications • Bachelor’s degree or foreign equivalent required from an accredited institution. Will also consider three years of progres...,5 days ago,Full-Time,$30.00 - $60.00/hour,1 miles,Gem Technologies,"Baltimore, MD"
"Security Analyst - Governance, Risk, Compliance","JUNIOR SECURITY ANALYST - GOVERNANCE, RISK, COMPLIANCE Contract to hire - 3-5 years of experience - Downtown Baltimore, MD Experience with security policy creation and writing, training publications and risk assessment Experience with Governance, Risk, an...",5 days ago,Full-Time,,1 miles,"TEKsystems, Inc","Baltimore, MD"
Oracle BPM Developer,Eminent Technology Solutions is a full-service systems integration and software consulting company offering consulting services and delivering turnkey systems. We are seeking an Oracle Business Process Management Developer / Oracle BPM Developer for a con...,5 days ago,Full-Time,,1 miles,Eminent Technology Solutions,"Baltimore, MD"
SAP Controls & GRC Design Senior Consultant,"Would you like an opportunity to be part of Deloitte’s leading Cyber Risk Services team that assists Fortune 500 companies address pressing and pervasive strategic information and technology risks, such as cyber security, data leakage, identity and access...",5 days ago,Full-Time,,1 miles,Deloitte,"Baltimore, MD"
"Oracle EBS Security, Controls and GRC – Senior Consultant","Are you interested in working in a dynamic environment that offers opportunities forprofessional growth and new responsibilities? If so, Deloitte could be the place for you. This is an unparalleled time of change with new information security challenges a...",5 days ago,Full-Time,,1 miles,Deloitte,"Baltimore, MD"
Sr. Software Tester / Software Tester Lead / Sr. Quality Tester / Sr. Manual Tester / Sr.UAT Lead / Sr. Software Testing Lead,Software Tester /Sr. Software Tester / Sr. Quality Tester / Sr. M anual Tester / Sr.UAT Lead / Sr. Software Testing Lead / Sr. M anual Tester / Software M anual Tester / Sr. QA Lead / Sr. QA Tester Position Details: Industry : Healthcare Industry Work Loc...,5 days ago,Full-Time,,1 miles,Collabera,"Baltimore, MD"
Business Systems Analyst,"Business Systems Analyst (US Citizens and GC Holders ONLY) Duration: 9 months Location: Baltimore, MD Description: Minimum Requirements: Requires a bachelor& degree in area of specialty and 10+ years of experience in the field or in a related area. 5+ yea...",6 days ago,Full-Time,,1 miles,confidential,"Baltimore, MD"
Network Administrator,Skill set is focused on Cisco router configuration and implementation. We are looking to have a resource start immediately to modify existing configurations for ~100 sites to support voip migrations for our retail stores. Needs to have experience working...,6 days ago,Full-Time,,1 miles,"TEKsystems, Inc","Baltimore, MD"
"Google Application Engineer, Consumer Hardware","Google Application Engineer, Consumer Hardware At Google, we work at lightning speed. So when things get in the way of progress, the Business Systems Integration team steps in to remove those roadblocks. The team identifies time-consuming internal process...",6 days ago,Full-Time,,1 miles,Google,"Mountain View, CA"
Google Product Manager (Seattle),"Google Product Manager (Seattle) At Google, we put our users first. From innovative software products like Gmail, YouTube, Chrome, Street View to pioneering mobile devices like the Android, we build products that organize the world's information and make...",1 week ago,Full-Time,,1 miles,Google,"Seattle, WA"
"Google Hardware Lead Engineer, Consumer Hardware","Google Hardware Lead Engineer, Consumer Hardware Google engineers develop the next-generation technologies that change how users connect, explore, and interact with information and one another. As a member of an extraordinarily creative, motivated and tal...",6 days ago,Full-Time,,1 miles,Google,"Mountain View, CA"
Google Interaction Designer,"Interaction Designer Note: By applying to this position your application is automatically submitted to the following locations: San Francisco, CA, USA; San Bruno, CA, USA; Mountain View, CA, USA Please include URLs for an online portfolio in addition to r...",6 days ago,Full-Time,,1 miles,Google,"Mountain View, CA"
Analytical Support For Military Medical Research,"The Experimental Therapeutics Branch at the Walter Reed Army Institute of Research is actively involved in drug development efforts against malaria, leishmaniasis, and antibiotic resistant bacteria and offers analytical support to collaborators investigat...",6 days ago,Full-Time,,1 miles,Oak Ridge Institute for Science and Education,"Statewide, MD"
iOS / Android Team Lead,Responsibilities • Participates in all phases of full software development lifecycle • Development of software solutions is primary within this role • Open to learning new disciplines and new skill sets • Works with technical leads and architects to enhan...,6 days ago,Full-Time,,1 miles,Sogeti USA LLC,"Baltimore, MD"
Security Analyst,"Job Description: Information Security AnalystOmaha, Coral Springs, HagerstownThis team will be responsible for entering IDs into various systems that allow salespeople to have proper access. Creating and modifying user ids on various applications (includi...",6 days ago,Full-Time,,1 miles,"DIVERSANT, LLC","Statewide, MD"
Business Systems Analyst III(Financial and Technical Project),"**US Citizens and those authorized to work without sponsorship are encouraged to apply** ** H1B/C2C candidates - please do not apply at this time** Job Title: IT Professional-Business System Analyst III Location: Baltimore, MD Duration: 1 year (W2) Review...",6 days ago,Contractor,,1 miles,Myriad Technical Services,"Baltimore, MD"
Jr Data/Financial Analyst,"This is a 1-2 year contract role and is NOT open to c2c. - Monitor and coordinate activities to manage preventative maintenance workload/ financials and make recommendations for improvement. - Track, maintain, analyze and provide current information on th...",6 days ago,Contractor,,1 miles,Innovative Systems Group,"Baltimore, MD"
Sr ETL/Data Warehouse Developer,"If you, or someone you know may be interested, please forward an updated resume to Jared Sanson at Job Title: Sr ETL/Data Warehouse Developer Location: Woodlawn, MD Length: Long Term Contract Project Details: Primarily responsible for implementing ETL pro...",6 days ago,Full-Time,,1 miles,Apex Systems,"Baltimore, MD"
Network Administrator,"IT Network Administrator $55,000 - $65,000 a year Daily Responsibilities: Support technology equipment, applications, and assist users while maintaining and deploying network infrastructure. Key areas of responsibilities Design and manage deployments of n...",7 days ago,Full-Time,$55k - $65k/year,1 miles,G.1440,"Baltimore, MD"
Salesforce Developer,Senior Salesforce Developer- Manhattan - $110/Hour - 6 Month Contract I am seeking a very strong Salesforce Developer with 4-6 years of experience to work with a well-known Salesforce Partner based out of Maryland. The Salesforce Developer will be a key f...,7 days ago,Contractor,,1 miles,Mason Frank,"Baltimore, MD"
Sr. Java/J2EE Engineer,"We've become one of the nation's strongest banks by knowing what matters most to our customers – and our employees. Experience the advantages of working in a large company with the rewards of working in a local, community-focused organization. You'll be e...",2 weeks ago,Full-Time,,1 miles,M&T Bank,"Baltimore, MD"
Sr. Business Systems Analyst (ACH Processing),"We've become one of the nation's strongest banks by knowing what matters most to our customers – and our employees. Experience the advantages of working in a large company with the rewards of working in a local, community-focused organization. You'll be e...",2 weeks ago,Full-Time,,1 miles,M&T Bank,"Baltimore, MD"
Linux Engineer,"Apex Systems, the nation’s 2 nd largest IT staffing firm, has an immediate opportunity for a Linux/Unix Engineer for one of our large clients in the Baltimore Maryland area. This person will serve a vital role supporting the current infrastructure.This pe...",1 week ago,Full-Time,,1 miles,Apex Systems,"Baltimore, MD"
Cisco Video SME,"- Cisco Video SME in depth knowledge & command of Cisco video products & services, to include Cisco UMC/Acano, codecs, etc Cisco MX Series, should have five years of experience with implementing enterprise Video solutions within an enterprise capacity. Ab...",1 week ago,Full-Time,,1 miles,"TEKsystems, Inc","Baltimore, MD"
Call Center Operations Manager,"Call Center Operations Manager Position Summary: The Operations Manager will deliver exceptional results for every client project assigned to the studio while managing the day to day operations of the studio, which includes dotted line relationships with...",1 week ago,Full-Time,,1 miles,Pole to Win America,"Baltimore, MD"
Systems Analyst,"Our client located in Baltimore Maryland has an immediate opening for a Systems Analyst. The Systems Analyst will provide production support services to users of various applications, in addition to supporting future system development initiatives. Respon...",1 week ago,Full-Time,,1 miles,G.1440,"Baltimore, MD"
"Google Software Engineer, Google Cloud Platform (GCP)","Google Software Engineer, Google Cloud Platform (GCP) Note: By applying to this position your application is automatically submitted to the following locations: Mountain View, CA, USA; San Francisco, CA, USA Google's software engineers develop the next-ge...",1 week ago,Full-Time,,1 miles,Google,"Mountain View, CA"
"Google Software Engineer, Tools and Infrastructure, Virtual Reality - Google","Google Software Engineer, Tools and Infrastructure, Virtual Reality A line of code can be many things - an amazing feature, a beautiful UI, a transformative algorithm. The faster this line of code reaches millions of users, the sooner it impacts their liv...",1 week ago,Full-Time,,1 miles,Google,"Mountain View, CA"
"Google Cloud Inside Sales and Customer Growth - Austin, TX","Google Cloud Inside Sales and Customer Growth - Austin, TX Note: By applying to this position your application is automatically submitted to the following locations: Mountain View, CA, USA; Austin, TX, USA The Google Cloud Platform team helps customers tr...",1 week ago,Full-Time,,1 miles,Google,"Austin, MD"
"Partner Sales Engineer, Google Cloud","Partner Sales Engineer, Google Cloud Note: By applying to this position your application is automatically submitted to the following locations: New York, NY, USA; Mountain View, CA, USA; Chicago, IL, USA; Reston, VA, USA When leading companies choose Goog...",1 week ago,Full-Time,,1 miles,Google,"New York, NY"
"Google Test Engineer, Virtual Reality","Google Test Engineer, Virtual Reality At Google, our philosophy is build it, break it and then rebuild it better. That thinking is at the core of how we approach testing at Google. Unlike roles with similar names at the other companies, Test Engineers at...",1 week ago,Full-Time,,1 miles,Google,"Mountain View, CA"
"Google Technical Program Manager, Software Engineering","Technical Program Manager, Software Engineering Google's projects, like our users, span the globe and require managers to keep the big picture in focus while being able to dive into the unique engineering challenges we face daily. As a Technical Program M...",1 week ago,Full-Time,,1 miles,Google,"Mountain View, CA"
"Google Data Scientist / Quantitative Analyst, Engineering","Data Scientist / Quantitative Analyst, Engineering Note: By applying to this position your application is automatically submitted to the following locations: Seattle, WA, USA; Mountain View, CA, USA; Pittsburgh, PA, USA As a Data Scientist, you will evalu...",1 week ago,Full-Time,,1 miles,Google,"Mountain View, CA"
"Google Systems Engineer, Site Reliability Engineering","Systems Engineer, Site Reliability Engineering Site Reliability Engineering (SRE) is what you get when you treat operations as if it’s a software problem. Our mission is to progress, protect, and provide for the software and systems behind all of Google’s...",1 week ago,Full-Time,,1 miles,Google,"Mountain View, CA"
Office Administrator Sogeti Baltimore,"As an Office Administrator at Sogeti Baltimore you will have the opportunity to: Work with All areas of the business from Operations, HR, and Sales. Work on Special projects Manage the Accounting side of our office AR and AP. Work the Front Desk Manage th...",1 week ago,Full-Time,,1 miles,Sogeti USA LLC,"Baltimore, MD"
ERP Trainer/Instructional Designer,"7+ years of experience with: Instructional Design (building courses from scratch - analysis, design, development for ERP implementations) Instructor-Led Training (delivering PeopleSoft training in an instructor-led environment) Consultative (working with...",1 week ago,Full-Time,,1 miles,"TEKsystems, Inc","Baltimore, MD"
Parts Distribution Supervisor,"Parts Distribution Supervisor Function Supply Chain Management Site / Location of Position US - Baltimore, MD Legal Entity Nissan North America, Inc. (NNA) Posting Description Life at Nissan encompasses everything that inspires both the quality of our veh...",2 weeks ago,Full-Time,,1 miles,Nissan North America Inc,"Baltimore, MD"
Senior Network Optimization Engineer,"**US Citizens and those authorized to work without sponsorship are encouraged to apply** ** H1B/C2C candidates - please do not apply at this time** Job Title : Sr. Network Optimization Engineer Location: Baltimore, MD, Chicago, IL , Newark, DE Duration: 0...",2 weeks ago,Contractor,,1 miles,Myriad Technical Services,"Baltimore, MD"
Full Stack Java Engineer,"Our client is looking for a self-motivated Java Engineer to join the team and help build low-latency, high-through-put web services to help us continue to grow their Credit portfolio globally. Through partnerships and optimizing our own in-house credit pr...",2 weeks ago,Full-Time,,1 miles,Corus360,"Baltimore, MD"
